[
  {
    "model": "admin.logentry",
    "pk": 1,
    "fields": {
      "action_time": "2021-11-08T09:15:40.960Z",
      "user": 1,
      "content_type": 4,
      "object_id": "1",
      "object_repr": "mohsen",
      "action_flag": 2,
      "change_message": "[{\"changed\": {\"fields\": [\"First name\", \"Last name\"]}}]"
    }
  },
  {
    "model": "admin.logentry",
    "pk": 2,
    "fields": {
      "action_time": "2021-11-08T09:15:59.521Z",
      "user": 1,
      "content_type": 4,
      "object_id": "2",
      "object_repr": "testUser1",
      "action_flag": 1,
      "change_message": "[{\"added\": {}}]"
    }
  },
  {
    "model": "admin.logentry",
    "pk": 3,
    "fields": {
      "action_time": "2021-11-08T09:16:16.497Z",
      "user": 1,
      "content_type": 4,
      "object_id": "2",
      "object_repr": "testUser1",
      "action_flag": 2,
      "change_message": "[{\"changed\": {\"fields\": [\"First name\", \"Last name\", \"Email address\"]}}]"
    }
  },
  {
    "model": "admin.logentry",
    "pk": 4,
    "fields": {
      "action_time": "2021-11-08T09:22:21.742Z",
      "user": 1,
      "content_type": 11,
      "object_id": "1",
      "object_repr": "Mobile Phone",
      "action_flag": 1,
      "change_message": "[{\"added\": {}}]"
    }
  },
  {
    "model": "admin.logentry",
    "pk": 5,
    "fields": {
      "action_time": "2021-11-08T09:23:35.916Z",
      "user": 1,
      "content_type": 8,
      "object_id": "1",
      "object_repr": "Phone",
      "action_flag": 1,
      "change_message": "[{\"added\": {}}]"
    }
  },
  {
    "model": "admin.logentry",
    "pk": 6,
    "fields": {
      "action_time": "2021-11-08T09:23:51.023Z",
      "user": 1,
      "content_type": 7,
      "object_id": "1",
      "object_repr": "Samsung",
      "action_flag": 1,
      "change_message": "[{\"added\": {}}]"
    }
  },
  {
    "model": "admin.logentry",
    "pk": 7,
    "fields": {
      "action_time": "2021-11-08T09:23:59.117Z",
      "user": 1,
      "content_type": 9,
      "object_id": "1",
      "object_repr": "[Mobile Phone] - Samsung Note 10",
      "action_flag": 1,
      "change_message": "[{\"added\": {}}]"
    }
  },
  {
    "model": "admin.logentry",
    "pk": 8,
    "fields": {
      "action_time": "2021-11-08T09:24:26.883Z",
      "user": 1,
      "content_type": 9,
      "object_id": "1",
      "object_repr": "[Mobile Phone] - Samsung Note 10",
      "action_flag": 2,
      "change_message": "[]"
    }
  },
  {
    "model": "admin.logentry",
    "pk": 9,
    "fields": {
      "action_time": "2021-11-08T09:25:38.022Z",
      "user": 1,
      "content_type": 7,
      "object_id": "2",
      "object_repr": "Apple",
      "action_flag": 1,
      "change_message": "[{\"added\": {}}]"
    }
  },
  {
    "model": "admin.logentry",
    "pk": 10,
    "fields": {
      "action_time": "2021-11-08T09:25:41.112Z",
      "user": 1,
      "content_type": 9,
      "object_id": "2",
      "object_repr": "[Mobile Phone] - Iphone 13 Pro Max",
      "action_flag": 1,
      "change_message": "[{\"added\": {}}]"
    }
  },
  {
    "model": "admin.logentry",
    "pk": 11,
    "fields": {
      "action_time": "2021-11-08T09:27:51.553Z",
      "user": 1,
      "content_type": 10,
      "object_id": "1",
      "object_repr": "[Mobile Phone] - Inner Store",
      "action_flag": 1,
      "change_message": "[{\"added\": {}}]"
    }
  },
  {
    "model": "admin.logentry",
    "pk": 12,
    "fields": {
      "action_time": "2021-11-08T09:27:57.723Z",
      "user": 1,
      "content_type": 10,
      "object_id": "2",
      "object_repr": "[Mobile Phone] - RAM",
      "action_flag": 1,
      "change_message": "[{\"added\": {}}]"
    }
  },
  {
    "model": "admin.logentry",
    "pk": 13,
    "fields": {
      "action_time": "2021-11-08T09:28:59.510Z",
      "user": 1,
      "content_type": 10,
      "object_id": "3",
      "object_repr": "[Mobile Phone] - Weight",
      "action_flag": 1,
      "change_message": "[{\"added\": {}}]"
    }
  },
  {
    "model": "admin.logentry",
    "pk": 14,
    "fields": {
      "action_time": "2021-11-08T09:29:28.664Z",
      "user": 1,
      "content_type": 12,
      "object_id": "1",
      "object_repr": "[[Mobile Phone] - Samsung Note 10] - [Mobile Phone] - Inner Store : 256",
      "action_flag": 1,
      "change_message": "[{\"added\": {}}]"
    }
  },
  {
    "model": "admin.logentry",
    "pk": 15,
    "fields": {
      "action_time": "2021-11-08T09:29:35.288Z",
      "user": 1,
      "content_type": 12,
      "object_id": "2",
      "object_repr": "[[Mobile Phone] - Samsung Note 10] - [Mobile Phone] - RAM : 4",
      "action_flag": 1,
      "change_message": "[{\"added\": {}}]"
    }
  },
  {
    "model": "admin.logentry",
    "pk": 16,
    "fields": {
      "action_time": "2021-11-08T09:29:45.460Z",
      "user": 1,
      "content_type": 12,
      "object_id": "3",
      "object_repr": "[[Mobile Phone] - Samsung Note 10] - [Mobile Phone] - Weight : 215",
      "action_flag": 1,
      "change_message": "[{\"added\": {}}]"
    }
  },
  {
    "model": "admin.logentry",
    "pk": 17,
    "fields": {
      "action_time": "2021-11-08T09:29:54.034Z",
      "user": 1,
      "content_type": 12,
      "object_id": "4",
      "object_repr": "[[Mobile Phone] - Iphone 13 Pro Max] - [Mobile Phone] - Inner Store : 512",
      "action_flag": 1,
      "change_message": "[{\"added\": {}}]"
    }
  },
  {
    "model": "admin.logentry",
    "pk": 18,
    "fields": {
      "action_time": "2021-11-08T09:29:59.706Z",
      "user": 1,
      "content_type": 12,
      "object_id": "5",
      "object_repr": "[[Mobile Phone] - Iphone 13 Pro Max] - [Mobile Phone] - RAM : 6",
      "action_flag": 1,
      "change_message": "[{\"added\": {}}]"
    }
  },
  {
    "model": "admin.logentry",
    "pk": 19,
    "fields": {
      "action_time": "2021-11-08T09:30:06.811Z",
      "user": 1,
      "content_type": 12,
      "object_id": "6",
      "object_repr": "[[Mobile Phone] - Iphone 13 Pro Max] - [Mobile Phone] - Weight : 130",
      "action_flag": 1,
      "change_message": "[{\"added\": {}}]"
    }
  },
  {
    "model": "admin.logentry",
    "pk": 20,
    "fields": {
      "action_time": "2021-11-08T09:32:51.024Z",
      "user": 1,
      "content_type": 8,
      "object_id": "2",
      "object_repr": "Samsung",
      "action_flag": 1,
      "change_message": "[{\"added\": {}}]"
    }
  },
  {
    "model": "admin.logentry",
    "pk": 21,
    "fields": {
      "action_time": "2021-11-08T09:33:10.011Z",
      "user": 1,
      "content_type": 8,
      "object_id": "3",
      "object_repr": "Apple",
      "action_flag": 1,
      "change_message": "[{\"added\": {}}]"
    }
  },
  {
    "model": "admin.logentry",
    "pk": 22,
    "fields": {
      "action_time": "2021-11-08T09:33:26.930Z",
      "user": 1,
      "content_type": 9,
      "object_id": "2",
      "object_repr": "[Mobile Phone] - Iphone 13 Pro Max",
      "action_flag": 2,
      "change_message": "[{\"changed\": {\"fields\": [\"Category\"]}}]"
    }
  },
  {
    "model": "admin.logentry",
    "pk": 23,
    "fields": {
      "action_time": "2021-11-08T09:33:33.473Z",
      "user": 1,
      "content_type": 9,
      "object_id": "1",
      "object_repr": "[Mobile Phone] - Samsung Note 10",
      "action_flag": 2,
      "change_message": "[{\"changed\": {\"fields\": [\"Category\"]}}]"
    }
  },
  {
    "model": "admin.logentry",
    "pk": 24,
    "fields": {
      "action_time": "2021-11-08T09:39:06.630Z",
      "user": 1,
      "content_type": 9,
      "object_id": "2",
      "object_repr": "[Mobile Phone] - Iphone 13 Pro Max",
      "action_flag": 2,
      "change_message": "[{\"changed\": {\"fields\": [\"Is available\"]}}]"
    }
  },
  {
    "model": "admin.logentry",
    "pk": 25,
    "fields": {
      "action_time": "2021-11-08T09:39:39.458Z",
      "user": 1,
      "content_type": 9,
      "object_id": "2",
      "object_repr": "[Mobile Phone] - Iphone 13 Pro Max",
      "action_flag": 2,
      "change_message": "[{\"changed\": {\"fields\": [\"Is available\"]}}]"
    }
  },
  {
    "model": "admin.logentry",
    "pk": 26,
    "fields": {
      "action_time": "2021-11-08T09:50:23.673Z",
      "user": 1,
      "content_type": 7,
      "object_id": "3",
      "object_repr": "Packet Pub",
      "action_flag": 1,
      "change_message": "[{\"added\": {}}]"
    }
  },
  {
    "model": "admin.logentry",
    "pk": 27,
    "fields": {
      "action_time": "2021-11-08T09:50:46.115Z",
      "user": 1,
      "content_type": 8,
      "object_id": "4",
      "object_repr": "Book",
      "action_flag": 1,
      "change_message": "[{\"added\": {}}]"
    }
  },
  {
    "model": "admin.logentry",
    "pk": 28,
    "fields": {
      "action_time": "2021-11-08T09:50:55.929Z",
      "user": 1,
      "content_type": 11,
      "object_id": "2",
      "object_repr": "Book",
      "action_flag": 1,
      "change_message": "[{\"added\": {}}]"
    }
  },
  {
    "model": "admin.logentry",
    "pk": 29,
    "fields": {
      "action_time": "2021-11-08T09:51:35.317Z",
      "user": 1,
      "content_type": 9,
      "object_id": "3",
      "object_repr": "[Book] - Learn Django",
      "action_flag": 1,
      "change_message": "[{\"added\": {}}]"
    }
  },
  {
    "model": "admin.logentry",
    "pk": 30,
    "fields": {
      "action_time": "2021-11-08T09:53:35.015Z",
      "user": 1,
      "content_type": 9,
      "object_id": "4",
      "object_repr": "[Book] - Learn JavaScript",
      "action_flag": 1,
      "change_message": "[{\"added\": {}}]"
    }
  },
  {
    "model": "admin.logentry",
    "pk": 31,
    "fields": {
      "action_time": "2021-11-08T10:01:10.930Z",
      "user": 1,
      "content_type": 10,
      "object_id": "3",
      "object_repr": "[Mobile Phone] - weight",
      "action_flag": 2,
      "change_message": "[{\"changed\": {\"fields\": [\"Title\"]}}]"
    }
  },
  {
    "model": "admin.logentry",
    "pk": 32,
    "fields": {
      "action_time": "2021-11-08T10:01:15.641Z",
      "user": 1,
      "content_type": 10,
      "object_id": "2",
      "object_repr": "[Mobile Phone] - ram",
      "action_flag": 2,
      "change_message": "[{\"changed\": {\"fields\": [\"Title\"]}}]"
    }
  },
  {
    "model": "admin.logentry",
    "pk": 33,
    "fields": {
      "action_time": "2021-11-08T10:01:23.154Z",
      "user": 1,
      "content_type": 10,
      "object_id": "1",
      "object_repr": "[Mobile Phone] - inner store",
      "action_flag": 2,
      "change_message": "[{\"changed\": {\"fields\": [\"Title\"]}}]"
    }
  },
  {
    "model": "admin.logentry",
    "pk": 34,
    "fields": {
      "action_time": "2021-11-08T10:06:59.585Z",
      "user": 1,
      "content_type": 11,
      "object_id": "2",
      "object_repr": "Book",
      "action_flag": 2,
      "change_message": "[{\"added\": {\"name\": \"product attribute\", \"object\": \"[Book] - isbn\"}}, {\"added\": {\"name\": \"product attribute\", \"object\": \"[Book] - author\"}}]"
    }
  },
  {
    "model": "admin.logentry",
    "pk": 35,
    "fields": {
      "action_time": "2021-11-08T10:31:29.211Z",
      "user": 1,
      "content_type": 11,
      "object_id": "2",
      "object_repr": "Book",
      "action_flag": 2,
      "change_message": "[{\"added\": {\"name\": \"product attribute\", \"object\": \"[Book] - publisher\"}}]"
    }
  },
  {
    "model": "admin.logentry",
    "pk": 36,
    "fields": {
      "action_time": "2021-11-08T10:31:35.861Z",
      "user": 1,
      "content_type": 11,
      "object_id": "2",
      "object_repr": "Book",
      "action_flag": 2,
      "change_message": "[{\"changed\": {\"name\": \"product attribute\", \"object\": \"[Book] - publisher\", \"fields\": [\"Attribute type\"]}}]"
    }
  },
  {
    "model": "admin.logentry",
    "pk": 37,
    "fields": {
      "action_time": "2021-11-08T10:53:59.651Z",
      "user": 1,
      "content_type": 9,
      "object_id": "3",
      "object_repr": "[Book] - Learn Django",
      "action_flag": 2,
      "change_message": "[{\"added\": {\"name\": \"product attribute value\", \"object\": \"[[Book] - Learn Django] - isbn : 9783161484100\"}}, {\"added\": {\"name\": \"product attribute value\", \"object\": \"[[Book] - Learn Django] - author : Bob Martin\"}}, {\"added\": {\"name\": \"product attribute value\", \"object\": \"[[Book] - Learn Django] - publisher : 16 Nov 2021\"}}]"
    }
  },
  {
    "model": "admin.logentry",
    "pk": 38,
    "fields": {
      "action_time": "2021-11-08T10:54:13.773Z",
      "user": 1,
      "content_type": 9,
      "object_id": "3",
      "object_repr": "[Book] - Learn Django",
      "action_flag": 2,
      "change_message": "[]"
    }
  },
  {
    "model": "admin.logentry",
    "pk": 39,
    "fields": {
      "action_time": "2021-11-08T10:54:44.559Z",
      "user": 1,
      "content_type": 9,
      "object_id": "4",
      "object_repr": "[Book] - Learn JavaScript",
      "action_flag": 2,
      "change_message": "[{\"added\": {\"name\": \"product attribute value\", \"object\": \"[[Book] - Learn JavaScript] - isbn : 9783161484112\"}}, {\"added\": {\"name\": \"product attribute value\", \"object\": \"[[Book] - Learn JavaScript] - author : Robert\"}}, {\"added\": {\"name\": \"product attribute value\", \"object\": \"[[Book] - Learn JavaScript] - publisher : 20 Nov 2020\"}}]"
    }
  },
  {
    "model": "admin.logentry",
    "pk": 40,
    "fields": {
      "action_time": "2021-11-10T10:28:10.625Z",
      "user": 1,
      "content_type": 9,
      "object_id": "5",
      "object_repr": "[Book] - Learn Ruby",
      "action_flag": 1,
      "change_message": "[{\"added\": {}}]"
    }
  },
  {
    "model": "admin.logentry",
    "pk": 41,
    "fields": {
      "action_time": "2021-11-14T11:07:06.238Z",
      "user": 1,
      "content_type": 15,
      "object_id": "1",
      "object_repr": "mohsen - Charge - 20",
      "action_flag": 1,
      "change_message": "[{\"added\": {}}]"
    }
  },
  {
    "model": "admin.logentry",
    "pk": 42,
    "fields": {
      "action_time": "2021-11-14T11:08:31.197Z",
      "user": 1,
      "content_type": 15,
      "object_id": "1",
      "object_repr": "mohsen - Charge - 20",
      "action_flag": 3,
      "change_message": ""
    }
  },
  {
    "model": "admin.logentry",
    "pk": 43,
    "fields": {
      "action_time": "2021-11-14T11:08:38.601Z",
      "user": 1,
      "content_type": 15,
      "object_id": "2",
      "object_repr": "mohsen - Charge - 20",
      "action_flag": 1,
      "change_message": "[{\"added\": {}}]"
    }
  },
  {
    "model": "admin.logentry",
    "pk": 44,
    "fields": {
      "action_time": "2021-11-14T11:13:38.469Z",
      "user": 1,
      "content_type": 13,
      "object_id": "1",
      "object_repr": "mohsen - Charge - 15000",
      "action_flag": 2,
      "change_message": "[{\"changed\": {\"fields\": [\"Amount\"]}}]"
    }
  },
  {
    "model": "admin.logentry",
    "pk": 45,
    "fields": {
      "action_time": "2021-11-14T11:17:17.871Z",
      "user": 1,
      "content_type": 15,
      "object_id": "2",
      "object_repr": "mohsen - Charge - 20",
      "action_flag": 3,
      "change_message": ""
    }
  },
  {
    "model": "admin.logentry",
    "pk": 46,
    "fields": {
      "action_time": "2021-11-14T11:17:26.612Z",
      "user": 1,
      "content_type": 13,
      "object_id": "1",
      "object_repr": "mohsen - Charge - 15000",
      "action_flag": 3,
      "change_message": ""
    }
  },
  {
    "model": "admin.logentry",
    "pk": 47,
    "fields": {
      "action_time": "2021-11-14T11:17:41.518Z",
      "user": 1,
      "content_type": 15,
      "object_id": "3",
      "object_repr": "mohsen - Charge - 15000",
      "action_flag": 1,
      "change_message": "[{\"added\": {}}]"
    }
  },
  {
    "model": "admin.logentry",
    "pk": 48,
    "fields": {
      "action_time": "2021-11-14T11:19:23.924Z",
      "user": 1,
      "content_type": 15,
      "object_id": "3",
      "object_repr": "mohsen - Charge - 15000",
      "action_flag": 3,
      "change_message": ""
    }
  },
  {
    "model": "admin.logentry",
    "pk": 49,
    "fields": {
      "action_time": "2021-11-14T11:19:28.385Z",
      "user": 1,
      "content_type": 13,
      "object_id": "8",
      "object_repr": "mohsen - Charge - 15000",
      "action_flag": 3,
      "change_message": ""
    }
  },
  {
    "model": "admin.logentry",
    "pk": 50,
    "fields": {
      "action_time": "2021-11-14T11:24:20.332Z",
      "user": 1,
      "content_type": 15,
      "object_id": "5",
      "object_repr": "mohsen - Charge - 15000",
      "action_flag": 1,
      "change_message": "[{\"added\": {}}]"
    }
  },
  {
    "model": "admin.logentry",
    "pk": 51,
    "fields": {
      "action_time": "2021-11-14T11:24:38.274Z",
      "user": 1,
      "content_type": 15,
      "object_id": "5",
      "object_repr": "mohsen - Charge - 20000",
      "action_flag": 2,
      "change_message": "[{\"changed\": {\"fields\": [\"Amount\"]}}]"
    }
  },
  {
    "model": "admin.logentry",
    "pk": 52,
    "fields": {
      "action_time": "2021-11-14T11:26:34.352Z",
      "user": 1,
      "content_type": 15,
      "object_id": "5",
      "object_repr": "mohsen - Charge - 15000",
      "action_flag": 2,
      "change_message": "[{\"changed\": {\"fields\": [\"Amount\"]}}]"
    }
  },
  {
    "model": "admin.logentry",
    "pk": 53,
    "fields": {
      "action_time": "2021-11-14T11:26:44.002Z",
      "user": 1,
      "content_type": 15,
      "object_id": "5",
      "object_repr": "mohsen - Charge - 15000",
      "action_flag": 3,
      "change_message": ""
    }
  },
  {
    "model": "admin.logentry",
    "pk": 54,
    "fields": {
      "action_time": "2021-11-14T11:26:52.652Z",
      "user": 1,
      "content_type": 13,
      "object_id": "13",
      "object_repr": "mohsen - Charge - 15000",
      "action_flag": 3,
      "change_message": ""
    }
  },
  {
    "model": "admin.logentry",
    "pk": 55,
    "fields": {
      "action_time": "2021-11-14T11:27:01.158Z",
      "user": 1,
      "content_type": 15,
      "object_id": "6",
      "object_repr": "mohsen - Charge - 15000",
      "action_flag": 1,
      "change_message": "[{\"added\": {}}]"
    }
  },
  {
    "model": "admin.logentry",
    "pk": 56,
    "fields": {
      "action_time": "2021-11-14T11:27:34.089Z",
      "user": 1,
      "content_type": 15,
      "object_id": "6",
      "object_repr": "mohsen - Charge - 15000",
      "action_flag": 3,
      "change_message": ""
    }
  },
  {
    "model": "admin.logentry",
    "pk": 57,
    "fields": {
      "action_time": "2021-11-14T11:28:11.983Z",
      "user": 1,
      "content_type": 13,
      "object_id": "14",
      "object_repr": "mohsen - Charge - 15000",
      "action_flag": 3,
      "change_message": ""
    }
  },
  {
    "model": "admin.logentry",
    "pk": 58,
    "fields": {
      "action_time": "2021-11-14T11:28:18.002Z",
      "user": 1,
      "content_type": 15,
      "object_id": "7",
      "object_repr": "mohsen - Charge - 15000",
      "action_flag": 1,
      "change_message": "[{\"added\": {}}]"
    }
  },
  {
    "model": "admin.logentry",
    "pk": 59,
    "fields": {
      "action_time": "2021-11-14T11:28:24.426Z",
      "user": 1,
      "content_type": 15,
      "object_id": "7",
      "object_repr": "mohsen - Charge - 15000",
      "action_flag": 3,
      "change_message": ""
    }
  },
  {
    "model": "admin.logentry",
    "pk": 60,
    "fields": {
      "action_time": "2021-11-14T11:29:37.475Z",
      "user": 1,
      "content_type": 13,
      "object_id": "15",
      "object_repr": "mohsen - Charge - 15000",
      "action_flag": 3,
      "change_message": ""
    }
  },
  {
    "model": "admin.logentry",
    "pk": 61,
    "fields": {
      "action_time": "2021-11-14T11:30:01.282Z",
      "user": 1,
      "content_type": 15,
      "object_id": "8",
      "object_repr": "mohsen - Charge - 15000",
      "action_flag": 1,
      "change_message": "[{\"added\": {}}]"
    }
  },
  {
    "model": "admin.logentry",
    "pk": 62,
    "fields": {
      "action_time": "2021-11-14T11:30:15.108Z",
      "user": 1,
      "content_type": 15,
      "object_id": "8",
      "object_repr": "mohsen - Purchase - 15000",
      "action_flag": 2,
      "change_message": "[{\"changed\": {\"fields\": [\"Transaction type\"]}}]"
    }
  },
  {
    "model": "admin.logentry",
    "pk": 63,
    "fields": {
      "action_time": "2021-11-14T11:30:24.145Z",
      "user": 1,
      "content_type": 15,
      "object_id": "9",
      "object_repr": "mohsen - Purchase - 17000",
      "action_flag": 1,
      "change_message": "[{\"added\": {}}]"
    }
  },
  {
    "model": "admin.logentry",
    "pk": 64,
    "fields": {
      "action_time": "2021-11-14T11:30:30.487Z",
      "user": 1,
      "content_type": 15,
      "object_id": "10",
      "object_repr": "mohsen - Charge - 100000",
      "action_flag": 1,
      "change_message": "[{\"added\": {}}]"
    }
  },
  {
    "model": "admin.logentry",
    "pk": 65,
    "fields": {
      "action_time": "2021-11-14T11:31:06.187Z",
      "user": 1,
      "content_type": 15,
      "object_id": "9",
      "object_repr": "mohsen - Purchase - 17000",
      "action_flag": 3,
      "change_message": ""
    }
  },
  {
    "model": "admin.logentry",
    "pk": 66,
    "fields": {
      "action_time": "2021-11-14T11:31:06.243Z",
      "user": 1,
      "content_type": 15,
      "object_id": "8",
      "object_repr": "mohsen - Purchase - 15000",
      "action_flag": 3,
      "change_message": ""
    }
  },
  {
    "model": "admin.logentry",
    "pk": 67,
    "fields": {
      "action_time": "2021-11-14T11:31:15.011Z",
      "user": 1,
      "content_type": 15,
      "object_id": "11",
      "object_repr": "mohsen - Purchase - 15000",
      "action_flag": 1,
      "change_message": "[{\"added\": {}}]"
    }
  },
  {
    "model": "admin.logentry",
    "pk": 68,
    "fields": {
      "action_time": "2021-11-14T11:31:20.867Z",
      "user": 1,
      "content_type": 15,
      "object_id": "12",
      "object_repr": "mohsen - Charge - 17000",
      "action_flag": 1,
      "change_message": "[{\"added\": {}}]"
    }
  },
  {
    "model": "admin.logentry",
    "pk": 69,
    "fields": {
      "action_time": "2021-11-14T11:31:29.510Z",
      "user": 1,
      "content_type": 15,
      "object_id": "12",
      "object_repr": "mohsen - Purchase - 17000",
      "action_flag": 2,
      "change_message": "[{\"changed\": {\"fields\": [\"Transaction type\"]}}]"
    }
  },
  {
    "model": "admin.logentry",
    "pk": 70,
    "fields": {
      "action_time": "2021-11-14T18:39:35.811Z",
      "user": 1,
      "content_type": 15,
      "object_id": "13",
      "object_repr": "testUser1 - Charge - 30000",
      "action_flag": 1,
      "change_message": "[{\"added\": {}}]"
    }
  },
  {
    "model": "admin.logentry",
    "pk": 71,
    "fields": {
      "action_time": "2021-11-14T18:47:04.032Z",
      "user": 1,
      "content_type": 15,
      "object_id": "14",
      "object_repr": "testUser1 - Purchase - 5000",
      "action_flag": 1,
      "change_message": "[{\"added\": {}}]"
    }
  },
  {
    "model": "admin.logentry",
    "pk": 72,
    "fields": {
      "action_time": "2021-11-14T18:50:57.656Z",
      "user": 1,
      "content_type": 15,
      "object_id": "14",
      "object_repr": "testUser1 - Purchase - 5000",
      "action_flag": 3,
      "change_message": ""
    }
  },
  {
    "model": "admin.logentry",
    "pk": 73,
    "fields": {
      "action_time": "2021-11-15T10:57:58.181Z",
      "user": 1,
      "content_type": 14,
      "object_id": "4",
      "object_repr": "mohsen - 68000 - 2021-11-15 10:57:45.389182+00:00",
      "action_flag": 3,
      "change_message": ""
    }
  },
  {
    "model": "admin.logentry",
    "pk": 74,
    "fields": {
      "action_time": "2021-11-15T10:57:58.666Z",
      "user": 1,
      "content_type": 14,
      "object_id": "3",
      "object_repr": "testUser1 - 30000 - 2021-11-15 10:57:45.285371+00:00",
      "action_flag": 3,
      "change_message": ""
    }
  },
  {
    "model": "admin.logentry",
    "pk": 75,
    "fields": {
      "action_time": "2021-11-17T12:37:35.906Z",
      "user": 1,
      "content_type": 9,
      "object_id": "5",
      "object_repr": "[Book] - اموزش روبی",
      "action_flag": 2,
      "change_message": "[{\"changed\": {\"fields\": [\"Title\"]}}]"
    }
  },
  {
    "model": "admin.logentry",
    "pk": 76,
    "fields": {
      "action_time": "2021-11-17T12:37:55.587Z",
      "user": 1,
      "content_type": 9,
      "object_id": "4",
      "object_repr": "[Book] - اموزش جاوا اسکریپت",
      "action_flag": 2,
      "change_message": "[{\"changed\": {\"fields\": [\"Title\"]}}]"
    }
  },
  {
    "model": "admin.logentry",
    "pk": 77,
    "fields": {
      "action_time": "2021-11-17T12:40:53.028Z",
      "user": 1,
      "content_type": 9,
      "object_id": "4",
      "object_repr": "[Book] - Learn JavaScript",
      "action_flag": 2,
      "change_message": "[{\"changed\": {\"fields\": [\"Title\"]}}]"
    }
  },
  {
    "model": "admin.logentry",
    "pk": 78,
    "fields": {
      "action_time": "2021-11-17T12:56:04.173Z",
      "user": 1,
      "content_type": 16,
      "object_id": "1",
      "object_repr": "Digikala",
      "action_flag": 1,
      "change_message": "[{\"added\": {}}]"
    }
  },
  {
    "model": "admin.logentry",
    "pk": 79,
    "fields": {
      "action_time": "2021-11-17T12:56:57.732Z",
      "user": 1,
      "content_type": 16,
      "object_id": "1",
      "object_repr": "Digikala",
      "action_flag": 2,
      "change_message": "[{\"added\": {\"name\": \"partner stock\", \"object\": \"[Mobile Phone] - Samsung Note 10 - Digikala - 925.50\"}}]"
    }
  },
  {
    "model": "admin.logentry",
    "pk": 80,
    "fields": {
      "action_time": "2021-11-17T12:58:25.750Z",
      "user": 1,
      "content_type": 16,
      "object_id": "1",
      "object_repr": "Digikala",
      "action_flag": 2,
      "change_message": "[{\"added\": {\"name\": \"partner stock\", \"object\": \"[Mobile Phone] - Iphone 13 Pro Max - Digikala - 1200\"}}]"
    }
  },
  {
    "model": "admin.logentry",
    "pk": 81,
    "fields": {
      "action_time": "2021-11-17T12:58:55.208Z",
      "user": 1,
      "content_type": 16,
      "object_id": "2",
      "object_repr": "Amazon",
      "action_flag": 1,
      "change_message": "[{\"added\": {}}, {\"added\": {\"name\": \"partner stock\", \"object\": \"[Mobile Phone] - Samsung Note 10 - Amazon - 880.45\"}}]"
    }
  },
  {
    "model": "admin.logentry",
    "pk": 82,
    "fields": {
      "action_time": "2021-11-17T12:59:04.272Z",
      "user": 1,
      "content_type": 16,
      "object_id": "2",
      "object_repr": "Amazon",
      "action_flag": 2,
      "change_message": "[{\"added\": {\"name\": \"partner stock\", \"object\": \"[Mobile Phone] - Iphone 13 Pro Max - Amazon - 999\"}}]"
    }
  },
  {
    "model": "admin.logentry",
    "pk": 83,
    "fields": {
      "action_time": "2021-11-17T12:59:24.304Z",
      "user": 1,
      "content_type": 16,
      "object_id": "2",
      "object_repr": "Amazon",
      "action_flag": 2,
      "change_message": "[]"
    }
  },
  {
    "model": "admin.logentry",
    "pk": 84,
    "fields": {
      "action_time": "2021-11-17T12:59:50.641Z",
      "user": 1,
      "content_type": 9,
      "object_id": "5",
      "object_repr": "[Book] - Learn Ruby",
      "action_flag": 2,
      "change_message": "[{\"changed\": {\"fields\": [\"Title\"]}}]"
    }
  },
  {
    "model": "admin.logentry",
    "pk": 85,
    "fields": {
      "action_time": "2021-11-17T17:52:53.277Z",
      "user": 1,
      "content_type": 9,
      "object_id": "5",
      "object_repr": "[Book] - Learn Ruby",
      "action_flag": 2,
      "change_message": "[{\"changed\": {\"fields\": [\"Is available\"]}}]"
    }
  },
  {
    "model": "admin.logentry",
    "pk": 86,
    "fields": {
      "action_time": "2021-11-17T17:53:21.073Z",
      "user": 1,
      "content_type": 9,
      "object_id": "5",
      "object_repr": "[Book] - Learn Ruby",
      "action_flag": 2,
      "change_message": "[{\"changed\": {\"fields\": [\"Is available\"]}}]"
    }
  },
  {
    "model": "admin.logentry",
    "pk": 87,
    "fields": {
      "action_time": "2021-11-19T10:47:39.614Z",
      "user": 1,
      "content_type": 4,
      "object_id": "2",
      "object_repr": "testUser1",
      "action_flag": 2,
      "change_message": "[{\"changed\": {\"fields\": [\"User permissions\"]}}]"
    }
  },
  {
    "model": "admin.logentry",
    "pk": 88,
    "fields": {
      "action_time": "2021-11-19T10:54:44.913Z",
      "user": 1,
      "content_type": 4,
      "object_id": "1",
      "object_repr": "mohsen",
      "action_flag": 2,
      "change_message": "[{\"changed\": {\"fields\": [\"User permissions\"]}}]"
    }
  },
  {
    "model": "admin.logentry",
    "pk": 89,
    "fields": {
      "action_time": "2021-11-19T10:54:59.400Z",
      "user": 1,
      "content_type": 4,
      "object_id": "1",
      "object_repr": "mohsen",
      "action_flag": 2,
      "change_message": "[{\"changed\": {\"fields\": [\"User permissions\"]}}]"
    }
  },
  {
    "model": "admin.logentry",
    "pk": 90,
    "fields": {
      "action_time": "2021-11-19T10:55:51.068Z",
      "user": 1,
      "content_type": 4,
      "object_id": "1",
      "object_repr": "mohsen",
      "action_flag": 2,
      "change_message": "[{\"changed\": {\"fields\": [\"User permissions\"]}}]"
    }
  },
  {
    "model": "admin.logentry",
    "pk": 91,
    "fields": {
      "action_time": "2021-11-19T10:56:30.193Z",
      "user": 1,
      "content_type": 4,
      "object_id": "1",
      "object_repr": "mohsen",
      "action_flag": 2,
      "change_message": "[{\"changed\": {\"fields\": [\"User permissions\"]}}]"
    }
  },
  {
    "model": "admin.logentry",
    "pk": 92,
    "fields": {
      "action_time": "2021-11-19T10:57:12.322Z",
      "user": 1,
      "content_type": 4,
      "object_id": "2",
      "object_repr": "testUser1",
      "action_flag": 2,
      "change_message": "[{\"changed\": {\"fields\": [\"Staff status\"]}}]"
    }
  },
  {
    "model": "admin.logentry",
    "pk": 93,
    "fields": {
      "action_time": "2021-11-19T10:59:10.614Z",
      "user": 1,
      "content_type": 4,
      "object_id": "2",
      "object_repr": "testUser1",
      "action_flag": 2,
      "change_message": "[{\"changed\": {\"fields\": [\"User permissions\"]}}]"
    }
  },
  {
    "model": "admin.logentry",
    "pk": 94,
    "fields": {
      "action_time": "2021-11-19T14:11:06.128Z",
      "user": 1,
      "content_type": 9,
      "object_id": "6",
      "object_repr": "[Mobile Phone] - Samsung A50",
      "action_flag": 1,
      "change_message": "[{\"added\": {}}]"
    }
  },
  {
    "model": "admin.logentry",
    "pk": 95,
    "fields": {
      "action_time": "2021-11-19T14:17:02.058Z",
      "user": 1,
      "content_type": 16,
      "object_id": "2",
      "object_repr": "Amazon",
      "action_flag": 2,
      "change_message": "[{\"added\": {\"name\": \"partner stock\", \"object\": \"[Book] - Learn Django - Amazon - 10\"}}]"
    }
  },
  {
    "model": "admin.logentry",
    "pk": 96,
    "fields": {
      "action_time": "2021-11-19T14:17:14.097Z",
      "user": 1,
      "content_type": 16,
      "object_id": "1",
      "object_repr": "Digikala",
      "action_flag": 2,
      "change_message": "[{\"added\": {\"name\": \"partner stock\", \"object\": \"[Book] - Learn Django - Digikala - 12.25\"}}]"
    }
  },
  {
    "model": "admin.logentry",
    "pk": 97,
    "fields": {
      "action_time": "2021-11-19T14:18:44.760Z",
      "user": 1,
      "content_type": 16,
      "object_id": "1",
      "object_repr": "Digikala",
      "action_flag": 2,
      "change_message": "[{\"changed\": {\"name\": \"partner stock\", \"object\": \"[Book] - Learn Django - Digikala - 9.25\", \"fields\": [\"Price\"]}}]"
    }
  },
  {
    "model": "admin.logentry",
    "pk": 98,
    "fields": {
      "action_time": "2021-11-19T19:45:26.584Z",
      "user": 1,
      "content_type": 16,
      "object_id": "3",
      "object_repr": "Harward",
      "action_flag": 1,
      "change_message": "[{\"added\": {}}, {\"added\": {\"name\": \"partner stock\", \"object\": \"[Book] - Learn Django - Harward - 9.50\"}}]"
    }
  },
  {
    "model": "admin.logentry",
    "pk": 99,
    "fields": {
      "action_time": "2021-11-19T19:49:17.877Z",
      "user": 1,
      "content_type": 16,
      "object_id": "1",
      "object_repr": "Digikala",
      "action_flag": 2,
      "change_message": "[{\"added\": {\"name\": \"partner stock\", \"object\": \"[Book] - Learn JavaScript - Digikala - 10\"}}, {\"added\": {\"name\": \"partner stock\", \"object\": \"[Book] - Learn Ruby - Digikala - 10\"}}]"
    }
  },
  {
    "model": "admin.logentry",
    "pk": 100,
    "fields": {
      "action_time": "2021-11-19T19:49:29.471Z",
      "user": 1,
      "content_type": 16,
      "object_id": "2",
      "object_repr": "Amazon",
      "action_flag": 2,
      "change_message": "[{\"added\": {\"name\": \"partner stock\", \"object\": \"[Book] - Learn JavaScript - Amazon - 12.75\"}}]"
    }
  },
  {
    "model": "admin.logentry",
    "pk": 101,
    "fields": {
      "action_time": "2021-11-19T19:49:48.583Z",
      "user": 1,
      "content_type": 16,
      "object_id": "3",
      "object_repr": "Harward",
      "action_flag": 2,
      "change_message": "[{\"added\": {\"name\": \"partner stock\", \"object\": \"[Book] - Learn Ruby - Harward - 10\"}}, {\"added\": {\"name\": \"partner stock\", \"object\": \"[Book] - Learn JavaScript - Harward - 15\"}}]"
    }
  },
  {
    "model": "admin.logentry",
    "pk": 102,
    "fields": {
      "action_time": "2021-11-19T19:50:58.257Z",
      "user": 1,
      "content_type": 16,
      "object_id": "1",
      "object_repr": "Digikala",
      "action_flag": 2,
      "change_message": "[{\"changed\": {\"name\": \"partner stock\", \"object\": \"[Book] - Learn Ruby - Digikala - 10.1\", \"fields\": [\"Price\"]}}]"
    }
  },
  {
    "model": "admin.logentry",
    "pk": 103,
    "fields": {
      "action_time": "2021-11-19T19:51:18.063Z",
      "user": 1,
      "content_type": 16,
      "object_id": "1",
      "object_repr": "Digikala",
      "action_flag": 2,
      "change_message": "[{\"changed\": {\"name\": \"partner stock\", \"object\": \"[Book] - Learn Ruby - Digikala - 10.50\", \"fields\": [\"Price\"]}}]"
    }
  },
  {
    "model": "admin.logentry",
    "pk": 104,
    "fields": {
      "action_time": "2021-11-19T20:14:42.315Z",
      "user": 1,
      "content_type": 9,
      "object_id": "3",
      "object_repr": "[Book] - Learn Django",
      "action_flag": 2,
      "change_message": "[]"
    }
  },
  {
    "model": "admin.logentry",
    "pk": 105,
    "fields": {
      "action_time": "2021-11-19T20:31:55.342Z",
      "user": 1,
      "content_type": 11,
      "object_id": "2",
      "object_repr": "Book",
      "action_flag": 2,
      "change_message": "[{\"changed\": {\"name\": \"product attribute\", \"object\": \"[Book] - published\", \"fields\": [\"Title\"]}}]"
    }
  },
  {
    "model": "admin.logentry",
    "pk": 106,
    "fields": {
      "action_time": "2021-11-19T20:34:13.464Z",
      "user": 1,
      "content_type": 11,
      "object_id": "3",
      "object_repr": "Shirt",
      "action_flag": 1,
      "change_message": "[{\"added\": {}}, {\"added\": {\"name\": \"product attribute\", \"object\": \"[Shirt] - size\"}}]"
    }
  },
  {
    "model": "admin.logentry",
    "pk": 107,
    "fields": {
      "action_time": "2021-11-19T20:34:40.289Z",
      "user": 1,
      "content_type": 8,
      "object_id": "5",
      "object_repr": "Shirt",
      "action_flag": 1,
      "change_message": "[{\"added\": {}}]"
    }
  },
  {
    "model": "admin.logentry",
    "pk": 108,
    "fields": {
      "action_time": "2021-11-19T20:34:50.593Z",
      "user": 1,
      "content_type": 7,
      "object_id": "4",
      "object_repr": "Tork",
      "action_flag": 1,
      "change_message": "[{\"added\": {}}]"
    }
  },
  {
    "model": "admin.logentry",
    "pk": 109,
    "fields": {
      "action_time": "2021-11-19T20:36:15.188Z",
      "user": 1,
      "content_type": 9,
      "object_id": "7",
      "object_repr": "[Shirt] - Men's black shirt",
      "action_flag": 1,
      "change_message": "[{\"added\": {}}, {\"added\": {\"name\": \"product attribute value\", \"object\": \"[[Shirt] - Men's black shirt] - size : medium\"}}, {\"added\": {\"name\": \"product attribute value\", \"object\": \"[[Shirt] - Men's black shirt] - size : large\"}}, {\"added\": {\"name\": \"product attribute value\", \"object\": \"[[Shirt] - Men's black shirt] - size : X-large\"}}]"
    }
  },
  {
    "model": "admin.logentry",
    "pk": 110,
    "fields": {
      "action_time": "2021-11-19T20:36:47.067Z",
      "user": 1,
      "content_type": 16,
      "object_id": "1",
      "object_repr": "Digikala",
      "action_flag": 2,
      "change_message": "[{\"added\": {\"name\": \"partner stock\", \"object\": \"[Shirt] - Men's black shirt - Digikala - 45\"}}]"
    }
  },
  {
    "model": "admin.logentry",
    "pk": 111,
    "fields": {
      "action_time": "2021-11-19T20:39:11.458Z",
      "user": 1,
      "content_type": 11,
      "object_id": "3",
      "object_repr": "Shirt",
      "action_flag": 2,
      "change_message": "[{\"added\": {\"name\": \"product attribute\", \"object\": \"[Shirt] - color\"}}]"
    }
  },
  {
    "model": "admin.logentry",
    "pk": 112,
    "fields": {
      "action_time": "2021-11-19T20:39:22.832Z",
      "user": 1,
      "content_type": 9,
      "object_id": "7",
      "object_repr": "[Shirt] - Men's black shirt",
      "action_flag": 2,
      "change_message": "[{\"added\": {\"name\": \"product attribute value\", \"object\": \"[[Shirt] - Men's black shirt] - color : black\"}}]"
    }
  },
  {
    "model": "admin.logentry",
    "pk": 113,
    "fields": {
      "action_time": "2021-11-19T20:42:46.659Z",
      "user": 1,
      "content_type": 9,
      "object_id": "7",
      "object_repr": "[Shirt] - Men's black shirt",
      "action_flag": 2,
      "change_message": "[{\"changed\": {\"name\": \"product attribute value\", \"object\": \"[[Shirt] - Men's black shirt] - size : medium, large, X-large\", \"fields\": [\"Value\"]}}, {\"deleted\": {\"name\": \"product attribute value\", \"object\": \"[[Shirt] - Men's black shirt] - size : large\"}}, {\"deleted\": {\"name\": \"product attribute value\", \"object\": \"[[Shirt] - Men's black shirt] - size : X-large\"}}]"
    }
  },
  {
    "model": "admin.logentry",
    "pk": 114,
    "fields": {
      "action_time": "2021-11-21T10:15:09.508Z",
      "user": 1,
      "content_type": 16,
      "object_id": "1",
      "object_repr": "Digikala",
      "action_flag": 2,
      "change_message": "[{\"added\": {\"name\": \"partner stock\", \"object\": \"[Mobile Phone] - Samsung A50 - Digikala - 440\"}}]"
    }
  },
  {
    "model": "admin.logentry",
    "pk": 115,
    "fields": {
      "action_time": "2021-11-21T10:15:31.716Z",
      "user": 1,
      "content_type": 16,
      "object_id": "2",
      "object_repr": "Amazon",
      "action_flag": 2,
      "change_message": "[{\"added\": {\"name\": \"partner stock\", \"object\": \"[Mobile Phone] - Samsung A50 - Amazon - 470\"}}]"
    }
  },
  {
    "model": "admin.logentry",
    "pk": 116,
    "fields": {
      "action_time": "2021-11-21T10:17:04.975Z",
      "user": 1,
      "content_type": 16,
      "object_id": "2",
      "object_repr": "Amazon",
      "action_flag": 2,
      "change_message": "[{\"deleted\": {\"name\": \"partner stock\", \"object\": \"[Mobile Phone] - Samsung A50 - Amazon - 470.00\"}}]"
    }
  },
  {
    "model": "admin.logentry",
    "pk": 117,
    "fields": {
      "action_time": "2021-11-21T10:18:40.989Z",
      "user": 1,
      "content_type": 16,
      "object_id": "2",
      "object_repr": "Amazon",
      "action_flag": 2,
      "change_message": "[{\"added\": {\"name\": \"partner stock\", \"object\": \"[Mobile Phone] - Samsung A50 - Amazon - 445\"}}]"
    }
  },
  {
    "model": "admin.logentry",
    "pk": 118,
    "fields": {
      "action_time": "2021-11-21T10:18:56.022Z",
      "user": 1,
      "content_type": 16,
      "object_id": "2",
      "object_repr": "Amazon",
      "action_flag": 2,
      "change_message": "[{\"changed\": {\"name\": \"partner stock\", \"object\": \"[Mobile Phone] - Samsung A50 - Amazon - 435.00\", \"fields\": [\"Price\"]}}]"
    }
  },
  {
    "model": "admin.logentry",
    "pk": 119,
    "fields": {
      "action_time": "2021-11-21T14:47:32.426Z",
      "user": 1,
      "content_type": 8,
      "object_id": "6",
      "object_repr": "Electronic Devices",
      "action_flag": 1,
      "change_message": "[{\"added\": {}}]"
    }
  },
  {
    "model": "admin.logentry",
    "pk": 120,
    "fields": {
      "action_time": "2021-11-21T14:47:51.428Z",
      "user": 1,
      "content_type": 8,
      "object_id": "1",
      "object_repr": "Phone",
      "action_flag": 2,
      "change_message": "[{\"changed\": {\"fields\": [\"Parent\"]}}]"
    }
  },
  {
    "model": "admin.logentry",
    "pk": 121,
    "fields": {
      "action_time": "2021-11-21T14:48:20.654Z",
      "user": 1,
      "content_type": 8,
      "object_id": "7",
      "object_repr": "Nokia",
      "action_flag": 1,
      "change_message": "[{\"added\": {}}]"
    }
  },
  {
    "model": "admin.logentry",
    "pk": 122,
    "fields": {
      "action_time": "2021-11-21T15:53:46.115Z",
      "user": 1,
      "content_type": 8,
      "object_id": "8",
      "object_repr": "Camera",
      "action_flag": 1,
      "change_message": "[{\"added\": {}}]"
    }
  },
  {
    "model": "admin.logentry",
    "pk": 123,
    "fields": {
      "action_time": "2021-11-21T15:53:55.014Z",
      "user": 1,
      "content_type": 8,
      "object_id": "7",
      "object_repr": "Nokia",
      "action_flag": 2,
      "change_message": "[{\"changed\": {\"fields\": [\"Slug\"]}}]"
    }
  },
  {
    "model": "admin.logentry",
    "pk": 124,
    "fields": {
      "action_time": "2021-11-21T15:54:03.004Z",
      "user": 1,
      "content_type": 8,
      "object_id": "6",
      "object_repr": "Electronic Devices",
      "action_flag": 2,
      "change_message": "[{\"changed\": {\"fields\": [\"Slug\"]}}]"
    }
  },
  {
    "model": "admin.logentry",
    "pk": 125,
    "fields": {
      "action_time": "2021-11-21T15:54:13.502Z",
      "user": 1,
      "content_type": 8,
      "object_id": "5",
      "object_repr": "Shirt",
      "action_flag": 2,
      "change_message": "[{\"changed\": {\"fields\": [\"Slug\"]}}]"
    }
  },
  {
    "model": "admin.logentry",
    "pk": 126,
    "fields": {
      "action_time": "2021-11-21T15:54:17.875Z",
      "user": 1,
      "content_type": 8,
      "object_id": "4",
      "object_repr": "Book",
      "action_flag": 2,
      "change_message": "[{\"changed\": {\"fields\": [\"Slug\"]}}]"
    }
  },
  {
    "model": "admin.logentry",
    "pk": 127,
    "fields": {
      "action_time": "2021-11-21T15:54:22.048Z",
      "user": 1,
      "content_type": 8,
      "object_id": "3",
      "object_repr": "Apple",
      "action_flag": 2,
      "change_message": "[{\"changed\": {\"fields\": [\"Slug\"]}}]"
    }
  },
  {
    "model": "admin.logentry",
    "pk": 128,
    "fields": {
      "action_time": "2021-11-21T15:54:32.226Z",
      "user": 1,
      "content_type": 8,
      "object_id": "2",
      "object_repr": "Samsung",
      "action_flag": 2,
      "change_message": "[{\"changed\": {\"fields\": [\"Slug\"]}}]"
    }
  },
  {
    "model": "admin.logentry",
    "pk": 129,
    "fields": {
      "action_time": "2021-11-21T15:54:36.792Z",
      "user": 1,
      "content_type": 8,
      "object_id": "1",
      "object_repr": "Phone",
      "action_flag": 2,
      "change_message": "[{\"changed\": {\"fields\": [\"Slug\"]}}]"
    }
  },
  {
    "model": "admin.logentry",
    "pk": 130,
    "fields": {
      "action_time": "2021-11-21T15:55:49.581Z",
      "user": 1,
      "content_type": 8,
      "object_id": "2",
      "object_repr": "Samsung",
      "action_flag": 2,
      "change_message": "[{\"changed\": {\"fields\": [\"Slug\"]}}]"
    }
  },
  {
    "model": "admin.logentry",
    "pk": 131,
    "fields": {
      "action_time": "2021-11-21T15:55:54.681Z",
      "user": 1,
      "content_type": 8,
      "object_id": "3",
      "object_repr": "Apple",
      "action_flag": 2,
      "change_message": "[{\"changed\": {\"fields\": [\"Slug\"]}}]"
    }
  },
  {
    "model": "admin.logentry",
    "pk": 132,
    "fields": {
      "action_time": "2021-11-21T15:56:02.270Z",
      "user": 1,
      "content_type": 8,
      "object_id": "7",
      "object_repr": "Nokia",
      "action_flag": 2,
      "change_message": "[{\"changed\": {\"fields\": [\"Slug\"]}}]"
    }
  },
  {
    "model": "admin.logentry",
    "pk": 133,
    "fields": {
      "action_time": "2021-11-21T15:57:21.408Z",
      "user": 1,
      "content_type": 8,
      "object_id": "9",
      "object_repr": "Camcorder",
      "action_flag": 1,
      "change_message": "[{\"added\": {}}]"
    }
  },
  {
    "model": "admin.logentry",
    "pk": 134,
    "fields": {
      "action_time": "2021-11-21T15:57:29.501Z",
      "user": 1,
      "content_type": 8,
      "object_id": "2",
      "object_repr": "Samsung",
      "action_flag": 2,
      "change_message": "[{\"changed\": {\"fields\": [\"Slug\"]}}]"
    }
  },
  {
    "model": "admin.logentry",
    "pk": 135,
    "fields": {
      "action_time": "2021-11-21T15:57:35.600Z",
      "user": 1,
      "content_type": 8,
      "object_id": "3",
      "object_repr": "Apple",
      "action_flag": 2,
      "change_message": "[{\"changed\": {\"fields\": [\"Slug\"]}}]"
    }
  },
  {
    "model": "admin.logentry",
    "pk": 136,
    "fields": {
      "action_time": "2021-11-21T15:57:40.543Z",
      "user": 1,
      "content_type": 8,
      "object_id": "7",
      "object_repr": "Nokia",
      "action_flag": 2,
      "change_message": "[{\"changed\": {\"fields\": [\"Slug\"]}}]"
    }
  },
  {
    "model": "admin.logentry",
    "pk": 137,
    "fields": {
      "action_time": "2021-11-21T17:17:58.552Z",
      "user": 1,
      "content_type": 11,
      "object_id": "4",
      "object_repr": "Camera",
      "action_flag": 1,
      "change_message": "[{\"added\": {}}]"
    }
  },
  {
    "model": "admin.logentry",
    "pk": 138,
    "fields": {
      "action_time": "2021-11-21T17:18:46.697Z",
      "user": 1,
      "content_type": 11,
      "object_id": "4",
      "object_repr": "Camera",
      "action_flag": 2,
      "change_message": "[]"
    }
  },
  {
    "model": "admin.logentry",
    "pk": 139,
    "fields": {
      "action_time": "2021-11-21T17:19:40.284Z",
      "user": 1,
      "content_type": 9,
      "object_id": "8",
      "object_repr": "[Camera] - Hero 9 black",
      "action_flag": 1,
      "change_message": "[{\"added\": {}}]"
    }
  },
  {
    "model": "admin.logentry",
    "pk": 140,
    "fields": {
      "action_time": "2021-11-21T17:20:13.773Z",
      "user": 1,
      "content_type": 9,
      "object_id": "9",
      "object_repr": "[Camera] - Hero 10",
      "action_flag": 1,
      "change_message": "[{\"added\": {}}]"
    }
  },
  {
    "model": "admin.logentry",
    "pk": 141,
    "fields": {
      "action_time": "2021-11-21T17:21:07.241Z",
      "user": 1,
      "content_type": 16,
      "object_id": "2",
      "object_repr": "Amazon",
      "action_flag": 2,
      "change_message": "[{\"added\": {\"name\": \"partner stock\", \"object\": \"[Camera] - Hero 9 black - Amazon - 120\"}}]"
    }
  },
  {
    "model": "admin.logentry",
    "pk": 142,
    "fields": {
      "action_time": "2021-11-21T17:21:17.653Z",
      "user": 1,
      "content_type": 16,
      "object_id": "1",
      "object_repr": "Digikala",
      "action_flag": 2,
      "change_message": "[{\"added\": {\"name\": \"partner stock\", \"object\": \"[Camera] - Hero 10 - Digikala - 110\"}}]"
    }
  },
  {
    "model": "admin.logentry",
    "pk": 143,
    "fields": {
      "action_time": "2021-11-22T16:57:02.342Z",
      "user": 1,
      "content_type": 9,
      "object_id": "3",
      "object_repr": "[Book] - Learn Django",
      "action_flag": 2,
      "change_message": "[{\"added\": {\"name\": \"product image\", \"object\": \"[Book] - Learn Django\"}}]"
    }
  },
  {
    "model": "admin.logentry",
    "pk": 144,
    "fields": {
      "action_time": "2021-11-22T17:13:03.227Z",
      "user": 1,
      "content_type": 9,
      "object_id": "3",
      "object_repr": "[Book] - Learn Django",
      "action_flag": 2,
      "change_message": "[{\"added\": {\"name\": \"product image\", \"object\": \"[Book] - Learn Django\"}}]"
    }
  },
  {
    "model": "admin.logentry",
    "pk": 145,
    "fields": {
      "action_time": "2021-11-22T17:16:09.072Z",
      "user": 1,
      "content_type": 9,
      "object_id": "3",
      "object_repr": "[Book] - Learn Django",
      "action_flag": 2,
      "change_message": "[{\"added\": {\"name\": \"product image\", \"object\": \"[Book] - Learn Django\"}}]"
    }
  },
  {
    "model": "admin.logentry",
    "pk": 146,
    "fields": {
      "action_time": "2021-11-22T17:29:25.432Z",
      "user": 1,
      "content_type": 9,
      "object_id": "4",
      "object_repr": "[Book] - Learn JavaScript",
      "action_flag": 2,
      "change_message": "[{\"added\": {\"name\": \"product image\", \"object\": \"[Book] - Learn JavaScript\"}}]"
    }
  },
  {
    "model": "auth.permission",
    "pk": 1,
    "fields": {
      "name": "Can add log entry",
      "content_type": 1,
      "codename": "add_logentry"
    }
  },
  {
    "model": "auth.permission",
    "pk": 2,
    "fields": {
      "name": "Can change log entry",
      "content_type": 1,
      "codename": "change_logentry"
    }
  },
  {
    "model": "auth.permission",
    "pk": 3,
    "fields": {
      "name": "Can delete log entry",
      "content_type": 1,
      "codename": "delete_logentry"
    }
  },
  {
    "model": "auth.permission",
    "pk": 4,
    "fields": {
      "name": "Can view log entry",
      "content_type": 1,
      "codename": "view_logentry"
    }
  },
  {
    "model": "auth.permission",
    "pk": 5,
    "fields": {
      "name": "Can add permission",
      "content_type": 2,
      "codename": "add_permission"
    }
  },
  {
    "model": "auth.permission",
    "pk": 6,
    "fields": {
      "name": "Can change permission",
      "content_type": 2,
      "codename": "change_permission"
    }
  },
  {
    "model": "auth.permission",
    "pk": 7,
    "fields": {
      "name": "Can delete permission",
      "content_type": 2,
      "codename": "delete_permission"
    }
  },
  {
    "model": "auth.permission",
    "pk": 8,
    "fields": {
      "name": "Can view permission",
      "content_type": 2,
      "codename": "view_permission"
    }
  },
  {
    "model": "auth.permission",
    "pk": 9,
    "fields": {
      "name": "Can add group",
      "content_type": 3,
      "codename": "add_group"
    }
  },
  {
    "model": "auth.permission",
    "pk": 10,
    "fields": {
      "name": "Can change group",
      "content_type": 3,
      "codename": "change_group"
    }
  },
  {
    "model": "auth.permission",
    "pk": 11,
    "fields": {
      "name": "Can delete group",
      "content_type": 3,
      "codename": "delete_group"
    }
  },
  {
    "model": "auth.permission",
    "pk": 12,
    "fields": {
      "name": "Can view group",
      "content_type": 3,
      "codename": "view_group"
    }
  },
  {
    "model": "auth.permission",
    "pk": 13,
    "fields": {
      "name": "Can add user",
      "content_type": 4,
      "codename": "add_user"
    }
  },
  {
    "model": "auth.permission",
    "pk": 14,
    "fields": {
      "name": "Can change user",
      "content_type": 4,
      "codename": "change_user"
    }
  },
  {
    "model": "auth.permission",
    "pk": 15,
    "fields": {
      "name": "Can delete user",
      "content_type": 4,
      "codename": "delete_user"
    }
  },
  {
    "model": "auth.permission",
    "pk": 16,
    "fields": {
      "name": "Can view user",
      "content_type": 4,
      "codename": "view_user"
    }
  },
  {
    "model": "auth.permission",
    "pk": 17,
    "fields": {
      "name": "Can add content type",
      "content_type": 5,
      "codename": "add_contenttype"
    }
  },
  {
    "model": "auth.permission",
    "pk": 18,
    "fields": {
      "name": "Can change content type",
      "content_type": 5,
      "codename": "change_contenttype"
    }
  },
  {
    "model": "auth.permission",
    "pk": 19,
    "fields": {
      "name": "Can delete content type",
      "content_type": 5,
      "codename": "delete_contenttype"
    }
  },
  {
    "model": "auth.permission",
    "pk": 20,
    "fields": {
      "name": "Can view content type",
      "content_type": 5,
      "codename": "view_contenttype"
    }
  },
  {
    "model": "auth.permission",
    "pk": 21,
    "fields": {
      "name": "Can add session",
      "content_type": 6,
      "codename": "add_session"
    }
  },
  {
    "model": "auth.permission",
    "pk": 22,
    "fields": {
      "name": "Can change session",
      "content_type": 6,
      "codename": "change_session"
    }
  },
  {
    "model": "auth.permission",
    "pk": 23,
    "fields": {
      "name": "Can delete session",
      "content_type": 6,
      "codename": "delete_session"
    }
  },
  {
    "model": "auth.permission",
    "pk": 24,
    "fields": {
      "name": "Can view session",
      "content_type": 6,
      "codename": "view_session"
    }
  },
  {
    "model": "auth.permission",
    "pk": 25,
    "fields": {
      "name": "Can add brand",
      "content_type": 7,
      "codename": "add_brand"
    }
  },
  {
    "model": "auth.permission",
    "pk": 26,
    "fields": {
      "name": "Can change brand",
      "content_type": 7,
      "codename": "change_brand"
    }
  },
  {
    "model": "auth.permission",
    "pk": 27,
    "fields": {
      "name": "Can delete brand",
      "content_type": 7,
      "codename": "delete_brand"
    }
  },
  {
    "model": "auth.permission",
    "pk": 28,
    "fields": {
      "name": "Can view brand",
      "content_type": 7,
      "codename": "view_brand"
    }
  },
  {
    "model": "auth.permission",
    "pk": 29,
    "fields": {
      "name": "Can add category",
      "content_type": 8,
      "codename": "add_category"
    }
  },
  {
    "model": "auth.permission",
    "pk": 30,
    "fields": {
      "name": "Can change category",
      "content_type": 8,
      "codename": "change_category"
    }
  },
  {
    "model": "auth.permission",
    "pk": 31,
    "fields": {
      "name": "Can delete category",
      "content_type": 8,
      "codename": "delete_category"
    }
  },
  {
    "model": "auth.permission",
    "pk": 32,
    "fields": {
      "name": "Can view category",
      "content_type": 8,
      "codename": "view_category"
    }
  },
  {
    "model": "auth.permission",
    "pk": 33,
    "fields": {
      "name": "Can add product",
      "content_type": 9,
      "codename": "add_product"
    }
  },
  {
    "model": "auth.permission",
    "pk": 34,
    "fields": {
      "name": "Can change product",
      "content_type": 9,
      "codename": "change_product"
    }
  },
  {
    "model": "auth.permission",
    "pk": 35,
    "fields": {
      "name": "Can delete product",
      "content_type": 9,
      "codename": "delete_product"
    }
  },
  {
    "model": "auth.permission",
    "pk": 36,
    "fields": {
      "name": "Can view product",
      "content_type": 9,
      "codename": "view_product"
    }
  },
  {
    "model": "auth.permission",
    "pk": 37,
    "fields": {
      "name": "Can add product attribute",
      "content_type": 10,
      "codename": "add_productattribute"
    }
  },
  {
    "model": "auth.permission",
    "pk": 38,
    "fields": {
      "name": "Can change product attribute",
      "content_type": 10,
      "codename": "change_productattribute"
    }
  },
  {
    "model": "auth.permission",
    "pk": 39,
    "fields": {
      "name": "Can delete product attribute",
      "content_type": 10,
      "codename": "delete_productattribute"
    }
  },
  {
    "model": "auth.permission",
    "pk": 40,
    "fields": {
      "name": "Can view product attribute",
      "content_type": 10,
      "codename": "view_productattribute"
    }
  },
  {
    "model": "auth.permission",
    "pk": 41,
    "fields": {
      "name": "Can add product type",
      "content_type": 11,
      "codename": "add_producttype"
    }
  },
  {
    "model": "auth.permission",
    "pk": 42,
    "fields": {
      "name": "Can change product type",
      "content_type": 11,
      "codename": "change_producttype"
    }
  },
  {
    "model": "auth.permission",
    "pk": 43,
    "fields": {
      "name": "Can delete product type",
      "content_type": 11,
      "codename": "delete_producttype"
    }
  },
  {
    "model": "auth.permission",
    "pk": 44,
    "fields": {
      "name": "Can view product type",
      "content_type": 11,
      "codename": "view_producttype"
    }
  },
  {
    "model": "auth.permission",
    "pk": 45,
    "fields": {
      "name": "Can add product attribute value",
      "content_type": 12,
      "codename": "add_productattributevalue"
    }
  },
  {
    "model": "auth.permission",
    "pk": 46,
    "fields": {
      "name": "Can change product attribute value",
      "content_type": 12,
      "codename": "change_productattributevalue"
    }
  },
  {
    "model": "auth.permission",
    "pk": 47,
    "fields": {
      "name": "Can delete product attribute value",
      "content_type": 12,
      "codename": "delete_productattributevalue"
    }
  },
  {
    "model": "auth.permission",
    "pk": 48,
    "fields": {
      "name": "Can view product attribute value",
      "content_type": 12,
      "codename": "view_productattributevalue"
    }
  },
  {
    "model": "auth.permission",
    "pk": 49,
    "fields": {
      "name": "Can add transaction archive",
      "content_type": 13,
      "codename": "add_transactionarchive"
    }
  },
  {
    "model": "auth.permission",
    "pk": 50,
    "fields": {
      "name": "Can change transaction archive",
      "content_type": 13,
      "codename": "change_transactionarchive"
    }
  },
  {
    "model": "auth.permission",
    "pk": 51,
    "fields": {
      "name": "Can delete transaction archive",
      "content_type": 13,
      "codename": "delete_transactionarchive"
    }
  },
  {
    "model": "auth.permission",
    "pk": 52,
    "fields": {
      "name": "Can view transaction archive",
      "content_type": 13,
      "codename": "view_transactionarchive"
    }
  },
  {
    "model": "auth.permission",
    "pk": 53,
    "fields": {
      "name": "Can add user balance",
      "content_type": 14,
      "codename": "add_userbalance"
    }
  },
  {
    "model": "auth.permission",
    "pk": 54,
    "fields": {
      "name": "Can change user balance",
      "content_type": 14,
      "codename": "change_userbalance"
    }
  },
  {
    "model": "auth.permission",
    "pk": 55,
    "fields": {
      "name": "Can delete user balance",
      "content_type": 14,
      "codename": "delete_userbalance"
    }
  },
  {
    "model": "auth.permission",
    "pk": 56,
    "fields": {
      "name": "Can view user balance",
      "content_type": 14,
      "codename": "view_userbalance"
    }
  },
  {
    "model": "auth.permission",
    "pk": 57,
    "fields": {
      "name": "Can add transaction",
      "content_type": 15,
      "codename": "add_transaction"
    }
  },
  {
    "model": "auth.permission",
    "pk": 58,
    "fields": {
      "name": "Can change transaction",
      "content_type": 15,
      "codename": "change_transaction"
    }
  },
  {
    "model": "auth.permission",
    "pk": 59,
    "fields": {
      "name": "Can delete transaction",
      "content_type": 15,
      "codename": "delete_transaction"
    }
  },
  {
    "model": "auth.permission",
    "pk": 60,
    "fields": {
      "name": "Can view transaction",
      "content_type": 15,
      "codename": "view_transaction"
    }
  },
  {
    "model": "auth.permission",
    "pk": 61,
    "fields": {
      "name": "Can add partner",
      "content_type": 16,
      "codename": "add_partner"
    }
  },
  {
    "model": "auth.permission",
    "pk": 62,
    "fields": {
      "name": "Can change partner",
      "content_type": 16,
      "codename": "change_partner"
    }
  },
  {
    "model": "auth.permission",
    "pk": 63,
    "fields": {
      "name": "Can delete partner",
      "content_type": 16,
      "codename": "delete_partner"
    }
  },
  {
    "model": "auth.permission",
    "pk": 64,
    "fields": {
      "name": "Can view partner",
      "content_type": 16,
      "codename": "view_partner"
    }
  },
  {
    "model": "auth.permission",
    "pk": 65,
    "fields": {
      "name": "Can add partner stock",
      "content_type": 17,
      "codename": "add_partnerstock"
    }
  },
  {
    "model": "auth.permission",
    "pk": 66,
    "fields": {
      "name": "Can change partner stock",
      "content_type": 17,
      "codename": "change_partnerstock"
    }
  },
  {
    "model": "auth.permission",
    "pk": 67,
    "fields": {
      "name": "Can delete partner stock",
      "content_type": 17,
      "codename": "delete_partnerstock"
    }
  },
  {
    "model": "auth.permission",
    "pk": 68,
    "fields": {
      "name": "Can view partner stock",
      "content_type": 17,
      "codename": "view_partnerstock"
    }
  },
  {
    "model": "auth.permission",
    "pk": 69,
    "fields": {
      "name": "Can add user score",
      "content_type": 18,
      "codename": "add_userscore"
    }
  },
  {
    "model": "auth.permission",
    "pk": 70,
    "fields": {
      "name": "Can change user score",
      "content_type": 18,
      "codename": "change_userscore"
    }
  },
  {
    "model": "auth.permission",
    "pk": 71,
    "fields": {
      "name": "Can delete user score",
      "content_type": 18,
      "codename": "delete_userscore"
    }
  },
  {
    "model": "auth.permission",
    "pk": 72,
    "fields": {
      "name": "Can view user score",
      "content_type": 18,
      "codename": "view_userscore"
    }
  },
  {
    "model": "auth.permission",
    "pk": 73,
    "fields": {
      "name": "Can add transfer transaction",
      "content_type": 19,
      "codename": "add_transfertransaction"
    }
  },
  {
    "model": "auth.permission",
    "pk": 74,
    "fields": {
      "name": "Can change transfer transaction",
      "content_type": 19,
      "codename": "change_transfertransaction"
    }
  },
  {
    "model": "auth.permission",
    "pk": 75,
    "fields": {
      "name": "Can delete transfer transaction",
      "content_type": 19,
      "codename": "delete_transfertransaction"
    }
  },
  {
    "model": "auth.permission",
    "pk": 76,
    "fields": {
      "name": "Can view transfer transaction",
      "content_type": 19,
      "codename": "view_transfertransaction"
    }
  },
  {
    "model": "auth.permission",
    "pk": 77,
    "fields": {
      "name": "Has score permission",
      "content_type": 18,
      "codename": "has_score_permission"
    }
  },
  {
    "model": "auth.permission",
    "pk": 78,
    "fields": {
      "name": "Can add product image",
      "content_type": 20,
      "codename": "add_productimage"
    }
  },
  {
    "model": "auth.permission",
    "pk": 79,
    "fields": {
      "name": "Can change product image",
      "content_type": 20,
      "codename": "change_productimage"
    }
  },
  {
    "model": "auth.permission",
    "pk": 80,
    "fields": {
      "name": "Can delete product image",
      "content_type": 20,
      "codename": "delete_productimage"
    }
  },
  {
    "model": "auth.permission",
    "pk": 81,
    "fields": {
      "name": "Can view product image",
      "content_type": 20,
      "codename": "view_productimage"
    }
  },
  {
    "model": "auth.user",
    "pk": 1,
    "fields": {
      "password": "pbkdf2_sha256$260000$3cP1PKpufpCHbWPz9ryULe$bWgTfo3tgx3jjQ5MdJKJSWf1KtQ6LGP82njwRt6pmlc=",
      "last_login": "2021-11-21T15:35:12.384Z",
      "is_superuser": true,
      "username": "mohsen",
      "first_name": "Mohsen",
      "last_name": "Azizi",
      "email": "me.mohsenazizi@gmail.com",
      "is_staff": true,
      "is_active": true,
      "date_joined": "2021-11-08T09:12:12Z",
      "groups": [],
      "user_permissions": []
    }
  },
  {
    "model": "auth.user",
    "pk": 2,
    "fields": {
      "password": "pbkdf2_sha256$260000$UvsOl6KPxPVoluy885AoYI$ac6j4xi6dJ7JFrZoD8fvcLOEIM1lOmlR5xOKZU7fa+c=",
      "last_login": "2021-11-19T10:57:28Z",
      "is_superuser": false,
      "username": "testUser1",
      "first_name": "test",
      "last_name": "User1",
      "email": "testUser1@mail.com",
      "is_staff": true,
      "is_active": true,
      "date_joined": "2021-11-08T09:15:59Z",
      "groups": [],
      "user_permissions": [
        33,
        36,
        56
      ]
    }
  },
  {
    "model": "contenttypes.contenttype",
    "pk": 1,
    "fields": {
      "app_label": "admin",
      "model": "logentry"
    }
  },
  {
    "model": "contenttypes.contenttype",
    "pk": 2,
    "fields": {
      "app_label": "auth",
      "model": "permission"
    }
  },
  {
    "model": "contenttypes.contenttype",
    "pk": 3,
    "fields": {
      "app_label": "auth",
      "model": "group"
    }
  },
  {
    "model": "contenttypes.contenttype",
    "pk": 4,
    "fields": {
      "app_label": "auth",
      "model": "user"
    }
  },
  {
    "model": "contenttypes.contenttype",
    "pk": 5,
    "fields": {
      "app_label": "contenttypes",
      "model": "contenttype"
    }
  },
  {
    "model": "contenttypes.contenttype",
    "pk": 6,
    "fields": {
      "app_label": "sessions",
      "model": "session"
    }
  },
  {
    "model": "contenttypes.contenttype",
    "pk": 7,
    "fields": {
      "app_label": "catalogue",
      "model": "brand"
    }
  },
  {
    "model": "contenttypes.contenttype",
    "pk": 8,
    "fields": {
      "app_label": "catalogue",
      "model": "category"
    }
  },
  {
    "model": "contenttypes.contenttype",
    "pk": 9,
    "fields": {
      "app_label": "catalogue",
      "model": "product"
    }
  },
  {
    "model": "contenttypes.contenttype",
    "pk": 10,
    "fields": {
      "app_label": "catalogue",
      "model": "productattribute"
    }
  },
  {
    "model": "contenttypes.contenttype",
    "pk": 11,
    "fields": {
      "app_label": "catalogue",
      "model": "producttype"
    }
  },
  {
    "model": "contenttypes.contenttype",
    "pk": 12,
    "fields": {
      "app_label": "catalogue",
      "model": "productattributevalue"
    }
  },
  {
    "model": "contenttypes.contenttype",
    "pk": 13,
    "fields": {
      "app_label": "transaction",
      "model": "transactionarchive"
    }
  },
  {
    "model": "contenttypes.contenttype",
    "pk": 14,
    "fields": {
      "app_label": "transaction",
      "model": "userbalance"
    }
  },
  {
    "model": "contenttypes.contenttype",
    "pk": 15,
    "fields": {
      "app_label": "transaction",
      "model": "transaction"
    }
  },
  {
    "model": "contenttypes.contenttype",
    "pk": 16,
    "fields": {
      "app_label": "partner",
      "model": "partner"
    }
  },
  {
    "model": "contenttypes.contenttype",
    "pk": 17,
    "fields": {
      "app_label": "partner",
      "model": "partnerstock"
    }
  },
  {
    "model": "contenttypes.contenttype",
    "pk": 18,
    "fields": {
      "app_label": "transaction",
      "model": "userscore"
    }
  },
  {
    "model": "contenttypes.contenttype",
    "pk": 19,
    "fields": {
      "app_label": "transaction",
      "model": "transfertransaction"
    }
  },
  {
    "model": "contenttypes.contenttype",
    "pk": 20,
    "fields": {
      "app_label": "catalogue",
      "model": "productimage"
    }
  },
  {
    "model": "sessions.session",
    "pk": "5ntl8wsc4ekk0glnpac5np2dj0cm2kye",
    "fields": {
      "session_data": ".eJxVjM0OwiAQhN-FsyFdqPx49O4zkIVdpGogKe3J-O62SQ96nPm-mbcIuC4lrJ3nMJG4CBCn3y5ienLdAT2w3ptMrS7zFOWuyIN2eWvEr-vh_h0U7GVbR4eKsjWYXDLDllxGq3kwSnlmrz0YQ-hGQ55hzBZAn5GBss85gfXi8wX4EzhN:1moos4:6rcz47rMTxDx5iVGrzPWj9jIqgzeOloVWAFTnfTSfdo",
      "expire_date": "2021-12-05T15:35:12.497Z"
    }
  },
  {
    "model": "sessions.session",
    "pk": "61yferndlerwsso648x1v410b96chlbe",
    "fields": {
      "session_data": ".eJxVjM0OwiAQhN-FsyFdqPx49O4zkIVdpGogKe3J-O62SQ96nPm-mbcIuC4lrJ3nMJG4CBCn3y5ienLdAT2w3ptMrS7zFOWuyIN2eWvEr-vh_h0U7GVbR4eKsjWYXDLDllxGq3kwSnlmrz0YQ-hGQ55hzBZAn5GBss85gfXi8wX4EzhN:1mo9nT:vz0koQ8mneBu_UvHH_CcmfhE97fn1yvxJmsLDjOtnuc",
      "expire_date": "2021-12-03T19:43:43.790Z"
    }
  },
  {
    "model": "sessions.session",
    "pk": "k18nm2mkfyta0ejwapokh3tgnau7shod",
    "fields": {
      "session_data": ".eJxVjM0OwiAQhN-FsyFdqPx49O4zkIVdpGogKe3J-O62SQ96nPm-mbcIuC4lrJ3nMJG4CBCn3y5ienLdAT2w3ptMrS7zFOWuyIN2eWvEr-vh_h0U7GVbR4eKsjWYXDLDllxGq3kwSnlmrz0YQ-hGQ55hzBZAn5GBss85gfXi8wX4EzhN:1mk0hU:dOcukvEJ6n3XVEaclysVaZ_QcQc4Q8iH8UAeNkxpPCE",
      "expire_date": "2021-11-22T09:12:24.995Z"
    }
  },
  {
    "model": "sessions.session",
    "pk": "r56wiz9ol0p41dnwanyyyfrknum1yvpj",
    "fields": {
      "session_data": ".eJxVjM0OwiAQhN-FsyFdqPx49O4zkIVdpGogKe3J-O62SQ96nPm-mbcIuC4lrJ3nMJG4CBCn3y5ienLdAT2w3ptMrS7zFOWuyIN2eWvEr-vh_h0U7GVbR4eKsjWYXDLDllxGq3kwSnlmrz0YQ-hGQ55hzBZAn5GBss85gfXi8wX4EzhN:1mo1bJ:A6v4CBEXz9AQsWVN0G95yIRzi3S7XHcXKzXgU2VIpcM",
      "expire_date": "2021-12-03T10:58:37.302Z"
    }
  },
  {
    "model": "catalogue.producttype",
    "pk": 1,
    "fields": {
      "title": "Mobile Phone",
      "description": "",
      "create_time": "2021-11-08T09:22:21.651Z",
      "update_time": "2021-11-08T09:22:21.651Z"
    }
  },
  {
    "model": "catalogue.producttype",
    "pk": 2,
    "fields": {
      "title": "Book",
      "description": "",
      "create_time": "2021-11-08T09:50:55.927Z",
      "update_time": "2021-11-19T20:31:55.329Z"
    }
  },
  {
    "model": "catalogue.producttype",
    "pk": 3,
    "fields": {
      "title": "Shirt",
      "description": "",
      "create_time": "2021-11-19T20:34:13.271Z",
      "update_time": "2021-11-19T20:39:11.445Z"
    }
  },
  {
    "model": "catalogue.producttype",
    "pk": 4,
    "fields": {
      "title": "Camera",
      "description": "",
      "create_time": "2021-11-21T17:17:58.431Z",
      "update_time": "2021-11-21T17:18:46.691Z"
    }
  },
  {
    "model": "catalogue.productattribute",
    "pk": 1,
    "fields": {
      "title": "inner store",
      "product_type": 1,
      "attribute_type": 1,
      "create_time": "2021-11-08T09:27:51.462Z",
      "update_time": "2021-11-08T10:01:23.153Z"
    }
  },
  {
    "model": "catalogue.productattribute",
    "pk": 2,
    "fields": {
      "title": "ram",
      "product_type": 1,
      "attribute_type": 1,
      "create_time": "2021-11-08T09:27:57.720Z",
      "update_time": "2021-11-08T10:01:15.639Z"
    }
  },
  {
    "model": "catalogue.productattribute",
    "pk": 3,
    "fields": {
      "title": "weight",
      "product_type": 1,
      "attribute_type": 1,
      "create_time": "2021-11-08T09:28:59.510Z",
      "update_time": "2021-11-08T10:01:10.929Z"
    }
  },
  {
    "model": "catalogue.productattribute",
    "pk": 4,
    "fields": {
      "title": "isbn",
      "product_type": 2,
      "attribute_type": 1,
      "create_time": "2021-11-08T10:06:59.584Z",
      "update_time": "2021-11-08T10:06:59.584Z"
    }
  },
  {
    "model": "catalogue.productattribute",
    "pk": 5,
    "fields": {
      "title": "author",
      "product_type": 2,
      "attribute_type": 2,
      "create_time": "2021-11-08T10:06:59.584Z",
      "update_time": "2021-11-08T10:06:59.584Z"
    }
  },
  {
    "model": "catalogue.productattribute",
    "pk": 6,
    "fields": {
      "title": "published",
      "product_type": 2,
      "attribute_type": 2,
      "create_time": "2021-11-08T10:31:29.211Z",
      "update_time": "2021-11-19T20:31:55.335Z"
    }
  },
  {
    "model": "catalogue.productattribute",
    "pk": 7,
    "fields": {
      "title": "size",
      "product_type": 3,
      "attribute_type": 2,
      "create_time": "2021-11-19T20:34:13.415Z",
      "update_time": "2021-11-19T20:34:13.415Z"
    }
  },
  {
    "model": "catalogue.productattribute",
    "pk": 8,
    "fields": {
      "title": "color",
      "product_type": 3,
      "attribute_type": 2,
      "create_time": "2021-11-19T20:39:11.452Z",
      "update_time": "2021-11-19T20:39:11.452Z"
    }
  },
  {
    "model": "catalogue.category",
    "pk": 1,
    "fields": {
      "name": "Phone",
      "slug": "category-phone",
      "parent": 6,
      "create_time": "2021-11-08T09:23:35.834Z",
      "update_time": "2021-11-21T15:54:36.786Z"
    }
  },
  {
    "model": "catalogue.category",
    "pk": 2,
    "fields": {
      "name": "Samsung",
      "slug": "category-samsung",
      "parent": 1,
      "create_time": "2021-11-08T09:32:51.023Z",
      "update_time": "2021-11-21T15:57:29.492Z"
    }
  },
  {
    "model": "catalogue.category",
    "pk": 3,
    "fields": {
      "name": "Apple",
      "slug": "category-apple",
      "parent": 1,
      "create_time": "2021-11-08T09:33:10.010Z",
      "update_time": "2021-11-21T15:57:35.594Z"
    }
  },
  {
    "model": "catalogue.category",
    "pk": 4,
    "fields": {
      "name": "Book",
      "slug": "category-book",
      "parent": null,
      "create_time": "2021-11-08T09:50:46.114Z",
      "update_time": "2021-11-21T15:54:17.868Z"
    }
  },
  {
    "model": "catalogue.category",
    "pk": 5,
    "fields": {
      "name": "Shirt",
      "slug": "category-shirt",
      "parent": null,
      "create_time": "2021-11-19T20:34:40.219Z",
      "update_time": "2021-11-21T15:54:13.496Z"
    }
  },
  {
    "model": "catalogue.category",
    "pk": 6,
    "fields": {
      "name": "Electronic Devices",
      "slug": "category-electronic-devices",
      "parent": null,
      "create_time": "2021-11-21T14:47:32.198Z",
      "update_time": "2021-11-21T15:54:02.997Z"
    }
  },
  {
    "model": "catalogue.category",
    "pk": 7,
    "fields": {
      "name": "Nokia",
      "slug": "category-nokia",
      "parent": 1,
      "create_time": "2021-11-21T14:48:20.648Z",
      "update_time": "2021-11-21T15:57:40.537Z"
    }
  },
  {
    "model": "catalogue.category",
    "pk": 8,
    "fields": {
      "name": "Camera",
      "slug": "category-camera",
      "parent": 6,
      "create_time": "2021-11-21T15:53:46.109Z",
      "update_time": "2021-11-21T15:53:46.109Z"
    }
  },
  {
    "model": "catalogue.category",
    "pk": 9,
    "fields": {
      "name": "Camcorder",
      "slug": "category-camcorder",
      "parent": 8,
      "create_time": "2021-11-21T15:57:21.402Z",
      "update_time": "2021-11-21T15:57:21.402Z"
    }
  },
  {
    "model": "catalogue.brand",
    "pk": 1,
    "fields": {
      "name": "Samsung",
      "slug": "samsung",
      "parent": null,
      "create_time": "2021-11-08T09:23:50.947Z",
      "update_time": "2021-11-08T09:23:50.947Z"
    }
  },
  {
    "model": "catalogue.brand",
    "pk": 2,
    "fields": {
      "name": "Apple",
      "slug": "apple",
      "parent": null,
      "create_time": "2021-11-08T09:25:38.021Z",
      "update_time": "2021-11-08T09:25:38.021Z"
    }
  },
  {
    "model": "catalogue.brand",
    "pk": 3,
    "fields": {
      "name": "Packet Pub",
      "slug": "packet-pub",
      "parent": null,
      "create_time": "2021-11-08T09:50:23.671Z",
      "update_time": "2021-11-08T09:50:23.671Z"
    }
  },
  {
    "model": "catalogue.brand",
    "pk": 4,
    "fields": {
      "name": "Tork",
      "slug": "tork",
      "parent": null,
      "create_time": "2021-11-19T20:34:50.542Z",
      "update_time": "2021-11-19T20:34:50.542Z"
    }
  },
  {
    "model": "catalogue.product",
    "pk": 1,
    "fields": {
      "product_type": 1,
      "upc": 1362,
      "title": "Samsung Note 10",
      "slug": "samsung-note-10",
      "description": "",
      "is_available": true,
      "quantity": 10,
      "category": 2,
      "brand": 1,
      "create_time": "2021-11-08T09:23:58.943Z",
      "update_time": "2021-11-08T09:33:33.471Z"
    }
  },
  {
    "model": "catalogue.product",
    "pk": 2,
    "fields": {
      "product_type": 1,
      "upc": 24631,
      "title": "Iphone 13 Pro Max",
      "slug": "iphone-13-pro-max",
      "description": "",
      "is_available": true,
      "quantity": 10,
      "category": 3,
      "brand": 2,
      "create_time": "2021-11-08T09:25:41.111Z",
      "update_time": "2021-11-08T09:39:39.322Z"
    }
  },
  {
    "model": "catalogue.product",
    "pk": 3,
    "fields": {
      "product_type": 2,
      "upc": 56782,
      "title": "Learn Django",
      "slug": "learn-django",
      "description": "",
      "is_available": true,
      "quantity": 10,
      "category": 4,
      "brand": 3,
      "create_time": "2021-11-08T09:51:35.315Z",
      "update_time": "2021-11-22T17:16:09.058Z"
    }
  },
  {
    "model": "catalogue.product",
    "pk": 4,
    "fields": {
      "product_type": 2,
      "upc": 33512,
      "title": "Learn JavaScript",
      "slug": "learn-javascript",
      "description": "",
      "is_available": true,
      "quantity": 10,
      "category": 4,
      "brand": 3,
      "create_time": "2021-11-08T09:53:35.014Z",
      "update_time": "2021-11-22T17:29:25.419Z"
    }
  },
  {
    "model": "catalogue.product",
    "pk": 5,
    "fields": {
      "product_type": 2,
      "upc": 45123,
      "title": "Learn Ruby",
      "slug": "learn-ruby",
      "description": "",
      "is_available": true,
      "quantity": 10,
      "category": 4,
      "brand": 3,
      "create_time": "2021-11-10T10:28:10.369Z",
      "update_time": "2021-11-17T17:53:20.950Z"
    }
  },
  {
    "model": "catalogue.product",
    "pk": 6,
    "fields": {
      "product_type": 1,
      "upc": 33443123,
      "title": "Samsung A50",
      "slug": "samsung-a50",
      "description": "",
      "is_available": true,
      "quantity": 10,
      "category": 2,
      "brand": 1,
      "create_time": "2021-11-19T14:11:06.070Z",
      "update_time": "2021-11-19T14:11:06.070Z"
    }
  },
  {
    "model": "catalogue.product",
    "pk": 7,
    "fields": {
      "product_type": 3,
      "upc": 3366456,
      "title": "Men's black shirt",
      "slug": "mens-black-shirt",
      "description": "",
      "is_available": true,
      "quantity": 10,
      "category": 5,
      "brand": 4,
      "create_time": "2021-11-19T20:36:15.111Z",
      "update_time": "2021-11-19T20:42:46.624Z"
    }
  },
  {
    "model": "catalogue.product",
    "pk": 8,
    "fields": {
      "product_type": 4,
      "upc": 12223,
      "title": "Hero 9 black",
      "slug": "hero-9-black",
      "description": "",
      "is_available": true,
      "quantity": 10,
      "category": 9,
      "brand": 1,
      "create_time": "2021-11-21T17:19:40.181Z",
      "update_time": "2021-11-21T17:19:40.181Z"
    }
  },
  {
    "model": "catalogue.product",
    "pk": 9,
    "fields": {
      "product_type": 4,
      "upc": 12234,
      "title": "Hero 10",
      "slug": "hero-10",
      "description": "",
      "is_available": true,
      "quantity": 10,
      "category": 9,
      "brand": 2,
      "create_time": "2021-11-21T17:20:13.767Z",
      "update_time": "2021-11-21T17:20:13.767Z"
    }
  },
  {
    "model": "catalogue.productimage",
    "pk": 1,
    "fields": {
      "product": 3,
      "image": "products/django-final.jpg"
    }
  },
  {
    "model": "catalogue.productimage",
    "pk": 2,
    "fields": {
      "product": 3,
      "image": "products/nginx.jpg"
    }
  },
  {
    "model": "catalogue.productimage",
    "pk": 3,
    "fields": {
      "product": 3,
      "image": "products/header.jpg"
    }
  },
  {
    "model": "catalogue.productimage",
    "pk": 4,
    "fields": {
      "product": 4,
      "image": "products/fastapi.jpg"
    }
  },
  {
    "model": "catalogue.productattributevalue",
    "pk": 1,
    "fields": {
      "product": 1,
      "product_attribute": 1,
      "value": "256",
      "create_time": "2021-11-08T09:29:28.615Z",
      "update_time": "2021-11-08T09:29:28.615Z"
    }
  },
  {
    "model": "catalogue.productattributevalue",
    "pk": 2,
    "fields": {
      "product": 1,
      "product_attribute": 2,
      "value": "4",
      "create_time": "2021-11-08T09:29:35.284Z",
      "update_time": "2021-11-08T09:29:35.284Z"
    }
  },
  {
    "model": "catalogue.productattributevalue",
    "pk": 3,
    "fields": {
      "product": 1,
      "product_attribute": 3,
      "value": "215",
      "create_time": "2021-11-08T09:29:45.450Z",
      "update_time": "2021-11-08T09:29:45.450Z"
    }
  },
  {
    "model": "catalogue.productattributevalue",
    "pk": 4,
    "fields": {
      "product": 2,
      "product_attribute": 1,
      "value": "512",
      "create_time": "2021-11-08T09:29:54.027Z",
      "update_time": "2021-11-08T09:29:54.027Z"
    }
  },
  {
    "model": "catalogue.productattributevalue",
    "pk": 5,
    "fields": {
      "product": 2,
      "product_attribute": 2,
      "value": "6",
      "create_time": "2021-11-08T09:29:59.703Z",
      "update_time": "2021-11-08T09:29:59.703Z"
    }
  },
  {
    "model": "catalogue.productattributevalue",
    "pk": 6,
    "fields": {
      "product": 2,
      "product_attribute": 3,
      "value": "130",
      "create_time": "2021-11-08T09:30:06.807Z",
      "update_time": "2021-11-08T09:30:06.807Z"
    }
  },
  {
    "model": "catalogue.productattributevalue",
    "pk": 7,
    "fields": {
      "product": 3,
      "product_attribute": 4,
      "value": "9783161484100",
      "create_time": "2021-11-08T10:53:59.649Z",
      "update_time": "2021-11-08T10:53:59.649Z"
    }
  },
  {
    "model": "catalogue.productattributevalue",
    "pk": 8,
    "fields": {
      "product": 3,
      "product_attribute": 5,
      "value": "Bob Martin",
      "create_time": "2021-11-08T10:53:59.650Z",
      "update_time": "2021-11-08T10:53:59.650Z"
    }
  },
  {
    "model": "catalogue.productattributevalue",
    "pk": 9,
    "fields": {
      "product": 3,
      "product_attribute": 6,
      "value": "16 Nov 2021",
      "create_time": "2021-11-08T10:53:59.650Z",
      "update_time": "2021-11-08T10:53:59.650Z"
    }
  },
  {
    "model": "catalogue.productattributevalue",
    "pk": 10,
    "fields": {
      "product": 4,
      "product_attribute": 4,
      "value": "9783161484112",
      "create_time": "2021-11-08T10:54:44.557Z",
      "update_time": "2021-11-08T10:54:44.557Z"
    }
  },
  {
    "model": "catalogue.productattributevalue",
    "pk": 11,
    "fields": {
      "product": 4,
      "product_attribute": 5,
      "value": "Robert",
      "create_time": "2021-11-08T10:54:44.558Z",
      "update_time": "2021-11-08T10:54:44.558Z"
    }
  },
  {
    "model": "catalogue.productattributevalue",
    "pk": 12,
    "fields": {
      "product": 4,
      "product_attribute": 6,
      "value": "20 Nov 2020",
      "create_time": "2021-11-08T10:54:44.558Z",
      "update_time": "2021-11-08T10:54:44.558Z"
    }
  },
  {
    "model": "catalogue.productattributevalue",
    "pk": 13,
    "fields": {
      "product": 7,
      "product_attribute": 7,
      "value": "medium, large, X-large",
      "create_time": "2021-11-19T20:36:15.117Z",
      "update_time": "2021-11-19T20:42:46.630Z"
    }
  },
  {
    "model": "catalogue.productattributevalue",
    "pk": 16,
    "fields": {
      "product": 7,
      "product_attribute": 8,
      "value": "black",
      "create_time": "2021-11-19T20:39:22.827Z",
      "update_time": "2021-11-19T20:39:22.827Z"
    }
  },
  {
    "model": "partner.partner",
    "pk": 1,
    "fields": {
      "name": "Digikala"
    }
  },
  {
    "model": "partner.partner",
    "pk": 2,
    "fields": {
      "name": "Amazon"
    }
  },
  {
    "model": "partner.partner",
    "pk": 3,
    "fields": {
      "name": "Harward"
    }
  },
  {
    "model": "partner.partnerstock",
    "pk": 1,
    "fields": {
      "product": 1,
      "partner": 1,
      "price": "925.50"
    }
  },
  {
    "model": "partner.partnerstock",
    "pk": 2,
    "fields": {
      "product": 2,
      "partner": 1,
      "price": "1200.00"
    }
  },
  {
    "model": "partner.partnerstock",
    "pk": 3,
    "fields": {
      "product": 1,
      "partner": 2,
      "price": "880.45"
    }
  },
  {
    "model": "partner.partnerstock",
    "pk": 4,
    "fields": {
      "product": 2,
      "partner": 2,
      "price": "999.00"
    }
  },
  {
    "model": "partner.partnerstock",
    "pk": 5,
    "fields": {
      "product": 3,
      "partner": 2,
      "price": "10.00"
    }
  },
  {
    "model": "partner.partnerstock",
    "pk": 6,
    "fields": {
      "product": 3,
      "partner": 1,
      "price": "9.25"
    }
  },
  {
    "model": "partner.partnerstock",
    "pk": 7,
    "fields": {
      "product": 3,
      "partner": 3,
      "price": "9.50"
    }
  },
  {
    "model": "partner.partnerstock",
    "pk": 8,
    "fields": {
      "product": 4,
      "partner": 1,
      "price": "10.00"
    }
  },
  {
    "model": "partner.partnerstock",
    "pk": 9,
    "fields": {
      "product": 5,
      "partner": 1,
      "price": "10.50"
    }
  },
  {
    "model": "partner.partnerstock",
    "pk": 10,
    "fields": {
      "product": 4,
      "partner": 2,
      "price": "12.75"
    }
  },
  {
    "model": "partner.partnerstock",
    "pk": 11,
    "fields": {
      "product": 5,
      "partner": 3,
      "price": "10.00"
    }
  },
  {
    "model": "partner.partnerstock",
    "pk": 12,
    "fields": {
      "product": 4,
      "partner": 3,
      "price": "15.00"
    }
  },
  {
    "model": "partner.partnerstock",
    "pk": 13,
    "fields": {
      "product": 7,
      "partner": 1,
      "price": "45.00"
    }
  },
  {
    "model": "partner.partnerstock",
    "pk": 14,
    "fields": {
      "product": 6,
      "partner": 1,
      "price": "440.00"
    }
  },
  {
    "model": "partner.partnerstock",
    "pk": 16,
    "fields": {
      "product": 6,
      "partner": 2,
      "price": "435.00"
    }
  },
  {
    "model": "partner.partnerstock",
    "pk": 17,
    "fields": {
      "product": 8,
      "partner": 2,
      "price": "120.00"
    }
  },
  {
    "model": "partner.partnerstock",
    "pk": 18,
    "fields": {
      "product": 9,
      "partner": 1,
      "price": "110.00"
    }
  },
  {
    "model": "transaction.transaction",
    "pk": 10,
    "fields": {
      "user": 1,
      "transaction_type": 1,
      "amount": 100000,
      "create_time": "2021-11-14T11:30:30.481Z"
    }
  },
  {
    "model": "transaction.transaction",
    "pk": 11,
    "fields": {
      "user": 1,
      "transaction_type": 2,
      "amount": 15000,
      "create_time": "2021-11-14T11:31:15.005Z"
    }
  },
  {
    "model": "transaction.transaction",
    "pk": 12,
    "fields": {
      "user": 1,
      "transaction_type": 2,
      "amount": 17000,
      "create_time": "2021-11-14T11:31:20.861Z"
    }
  },
  {
    "model": "transaction.transaction",
    "pk": 13,
    "fields": {
      "user": 2,
      "transaction_type": 1,
      "amount": 30000,
      "create_time": "2021-11-14T18:39:35.804Z"
    }
  },
  {
    "model": "transaction.userbalance",
    "pk": 1,
    "fields": {
      "user": 2,
      "balance": 30000,
      "create_time": "2021-11-15T10:56:44.166Z"
    }
  },
  {
    "model": "transaction.userbalance",
    "pk": 2,
    "fields": {
      "user": 1,
      "balance": 68000,
      "create_time": "2021-11-15T10:56:44.525Z"
    }
  }
]